都道府県コード又は市区町村コード,NO,都道府県名,市区町村名,名称,名称_カナ,住所,方書,緯度,経度,設置位置,電話番号,内線番号,法人番号,団体名,利用可能曜日,開始時間,終了時間,利用可能日時特記事項,小児対応設備の有無,URL,備考
092088,0111000001,栃木県,小山市,小山市役所,オヤマシヤクショ,栃木県小山市中央町1-1ｰ1,,36.314502,139.800732,1階,(0285)23-1111,,4000020092088,小山市,月火水木金,8:30,17:15,祝日、年末年始を除く。,有,,
092088,0111000002,栃木県,小山市,道の駅思川,ミチノエキオモイガワ,栃木県小山市下国府塚25-1,,36.308174,139.760202,事務室,(0285)38-0201,,4000020092088,小山市,月火水木金土日,9:00,18:00,,有,,
092088,0111000003,栃木県,小山市,小山市立文化センター,オヤマシリツブンカセンター,栃木県小山市中央町1-1-1,,36.313359,139.800381,1階事務室,(0285)22-9552,,4000020092088,小山市,月火水木金土日,9:00,21:30,年末年始を除く。,有,,
092088,0111000004,栃木県,小山市,小山運動公園,オヤマウンドウコウエン,栃木県小山市向野187,,36.313166,139.851128,事務室,(0285)49-3523,,4000020092088,小山市,月火水木金土日,8:00,22:00,祝日、年末年始を除く。,有,,
092088,0111000005,栃木県,小山市,小山市生涯学習センター,オヤマシショウガイガクシュウセンター,栃木県小山市中央町3-7-1,ロブレ6階,36.312618,139.805274,事務室,(0285)22-9111,,4000020092088,小山市,月火水木金土日,9:00,21:30,年末年始を除く。,有,,
092088,0111000006,栃木県,小山市,小山城南出張所,オヤマジョウナンシュッチョウジョ,栃木県小山市東城南4-1-12,,36.293212,139.807779,窓口,(0285)31-3650,,4000020092088,小山市,月火水木金・第2・4日曜日,8:30,17:15,土曜日、第1・３・５日曜日、祝日、年末年始を除く。,有,,
092088,0111000007,栃木県,小山市,大谷出張所,オオヤシュッチョウジョ,栃木県小山市横倉499-6,,36.277686,139.832118,入口,(0285)28-0004,,4000020092088,小山市,月火水木金,8:30,17:15,祝日、年末年始を除く。,有,,
092088,0111000008,栃木県,小山市,間々田出張所,ママダシュッチョウジョ,栃木県小山市間々田1960-1,,36.270918,139.761119,窓口,(0285)45-1335,,4000020092088,小山市,月火水木金,8:30,17:15,祝日、年末年始を除く。,有,,
092088,0111000009,栃木県,小山市,桑出張所,クワシュッチョウジョ,栃木県小山市羽川858-1,,36.350425,139.835638,窓口,(0285)22-4545,,4000020092088,小山市,月火水木金,8:30,17:15,祝日、年末年始を除く。,有,,
092088,0111000010,栃木県,小山市,生井出張所,ナマイシュッチョウジョ,栃木県小山市大字生良1054-2,,36.261157,139.72861,窓口,(0285)45-4004,,4000020092088,小山市,月火水木金,8:30,17:15,祝日、年末年始を除く。,有,,
092088,0111000011,栃木県,小山市,寒川出張所,サンガワシュッチョウジョ,栃木県小山市大字中里869-1,,36.291426,139.734981,窓口,(0285)38-1002,,4000020092088,小山市,月火水木金,8:30,17:15,祝日、年末年始を除く。,有,,
092088,0111000012,栃木県,小山市,豊田出張所,トヨダシュッチョウジョ,栃木県小山市大字松沼467番地,,36.348852,139.781084,窓口,(0285)37-1002,,4000020092088,小山市,月火水木金,8:30,17:15,祝日、年末年始を除く。,有,,
092088,0111000013,栃木県,小山市,中出張所,ナカシュッチョウジョ,栃木県小山市下河原田864,,36.314793,139.742056,窓口,(0285)38-0002,,4000020092088,小山市,月火水木金,8:30,17:15,祝日、年末年始を除く。,有,,
092088,0111000014,栃木県,小山市,穂積出張所,ホヅミシュッチョウジョ,栃木県小山市萩島61,,36.313247,139.77335,窓口,(0285)38-2004,,4000020092088,小山市,月火水木金,8:30,17:15,祝日、年末年始を除く。,有,,
092088,0111000015,栃木県,小山市,絹出張所,キヌシュッチョウジョ,栃木県小山市福良1119-1,,36.328049,139.896283,窓口,(0285)49-0027,,4000020092088,小山市,月火水木金,8:30,17:15,祝日、年末年始を除く。,有,,
092088,0111000016,栃木県,小山市,小山市社会福祉協議会,オヤマシシャカイフクシキョウギカイ,栃木県小山市中央町2-2-21,,36.313804,139.80175,1階社会福祉協議会窓口,(0285)22-9501,,4000020092088,小山市,月火水木金,8:30,17:15,祝日、年末年始を除く。,有,,
092088,0111000017,栃木県,小山市,健康医療介護総合支援センター,ケンコウイリョウカイゴソウゴウシエンセンター,栃木県小山市神鳥谷2251-7,,36.276009,139.801796,事務室,,,4000020092088,小山市,月火水木金,8:30,17:15,祝日、年末年始を除く。,有,,
092088,0111000018,栃木県,小山市,小山市立中央図書館,オヤマシリツチュウオウトショカン,栃木県小山市城東1-19-40,,36.310487,139.817268,１階フロアー,(0285)21-0753,,4000020092088,小山市,火水木金土日,9:00,19:00,図書館の開館日に従う。,有,,
092088,0111000019,栃木県,小山市,小山市立博物館,オヤマシリツハクブツカン,栃木県小山市乙女1-31-7,,36.261525,139.755535,事務室,(0285)45-5331,,4000020092088,小山市,火水木金土日,9:00,17:00,第四金曜日休館。博物館の開館日に従う。,有,,
092088,0111000020,栃木県,小山市,やはた保育所,ヤハタホイクショ,栃木県小山市八幡町2-8-8,,36.308682,139.797492,事務室,(0285)21-2725,,4000020092088,小山市,月火水木金,8:30,17:15,祝日、年末年始を除く。,有,,
092088,0111000021,栃木県,小山市,城北保育所,ジョウホクホイクショ,栃木県小山市駅東通り3-15-1,,36.317845,139.811878,事務室,(0285)24-1197,,4000020092088,小山市,月火水木金,8:30,17:15,祝日、年末年始を除く。,有,,
092088,0111000022,栃木県,小山市,絹保育所,キヌホイクショ,栃木県小山市大字高椅482-1,,36.336637,139.892718,事務室,(0285)49-0046,,4000020092088,小山市,月火水木金,8:30,17:15,祝日、年末年始を除く。,有,,
092088,0111000023,栃木県,小山市,摩利支天塚・琵琶塚古墳資料館,マリシテンヅカビワヅカコフンシリョウカン,栃木県小山市飯塚335,,36.374233,139.808962,事務室,(0285)24-5501,,4000020092088,小山市,火水木金土日,9:00,16:30,資料館の開館日に従う。,有,,
092088,0111000024,栃木県,小山市,もみじ保育所,モミジホイクショ,栃木県小山市暁3-11-2,,36.254258,139.76266,事務室,(0285)45-3238,,4000020092088,小山市,月火水木金,8:30,17:15,祝日、年末年始を除く。,有,,
092088,0111000025,栃木県,小山市,中久喜保育所,ナカクキホイクショ,栃木県小山市中久喜1093-1,,36.31486,139.84502,事務室,(0285)25-4782,,4000020092088,小山市,月火水木金,8:30,17:15,祝日、年末年始を除く。,有,,
092088,0111000026,栃木県,小山市,網戸保育所,アジトホイクショ,栃木県小山市網戸758-1,,36.277168,139.748835,事務室,(0285)45-5016,,4000020092088,小山市,月火水木金,8:30,17:15,祝日、年末年始を除く。,有,,
092088,0111000027,栃木県,小山市,出井保育所,イデイホイクショ,栃木県小山市大字出井1060-1,,36.329396,139.850994,事務室,(0285)23-3047,,4000020092088,小山市,月火水木金,8:30,17:15,祝日、年末年始を除く。,有,,
092088,0111000028,栃木県,小山市,間々田北保育所,ママダキタホイクショ,栃木県小山市大字間々田2443-1,,36.276936,139.77131,事務室,(0285)45-4749,,4000020092088,小山市,月火水木金,8:30,17:15,祝日、年末年始を除く。,有,,
092088,0111000029,栃木県,小山市,城北児童センター,ジョウホクジドウセンター,栃木県小山市駅東通り3-25-2,,36.321576,139.814521,事務室,(0285)24-0629,,4000020092088,小山市,火水木金土日,9:30,18:00,児童センターの開館日に従う。,有,,
092088,0111000030,栃木県,小山市,駅南児童センター,エキミナミジドウセンター,栃木県駅南町2-11-5,,36.302693,139.805688,事務室,(0285)27-0594,,4000020092088,小山市,火水木金土日,9:30,18:00,児童センターの開館日に従う。,有,,
092088,0111000031,栃木県,小山市,勤労青少年ホーム,キンロウセイショウネンホーム,栃木県小山市犬塚3-1-2,,36.313855,139.827314,事務室,(0285)23-3402,,4000020092088,小山市,月火水木金土日,9:00,21:00,土、日、祝日は9:00～17:00。年末年始を除く。,有,,
092088,0111000032,栃木県,小山市,小山市ふれあい健康センター,オヤマシフレアイケンコウセンター,栃木県小山市大字外城546,,36.295309,139.780338,事務室,(0285)30-3700,,4000020092088,小山市,火水木金土日,9:30,19:30,年末年始を除く。,有,,
092088,0111000033,栃木県,小山市,市民活動センター,シミンカツドウセンター,栃木県小山市城山町3-7-5,サクラコモンビル2階,36.315228,139.805023,2階事務室,(0285)20-5562,,4000020092088,小山市,月火水木金土日,9:00,21:00,年末年始を除く。,有,,
092088,0111000034,栃木県,小山市,小山総合公園,オヤマソウゴウコウエン,栃木県小山市外城371-1,,36.30305,139.781438,サイクルセンター事務室,(0285)21-3190,,4000020092088,小山市,月火水木金土日,8:30,16:00,年末年始を除く。,有,,
092088,0111000035,栃木県,小山市,シルバー人材センター,シルバージンザイセンター,栃木県小山市東城南5-15-8,,36.287064,139.810989,事務室,(0285)28-4130,,4000020092088,小山市,月火水木金,8:30,17:15,祝日、年末年始を除く。,有,,
092088,0111000036,栃木県,小山市,ファミリーマート小山出井北店,ファミリーマートオヤマイデイキタテン,栃木県小山市出井1252-10,,36.345314,139.851986,カウウンター裏バックヤード,(0285)30-3113,,4000020092088,小山市,月火水木金土日,,,店舗の営業時間に従う,有,,
092088,0111000037,栃木県,小山市,ファミリーマート小山東野田店,ファミリーマートオヤマヒガシノダテン,栃木県小山市東野田2221-1,,36.258158,139.803163,カウウンター裏バックヤード,(0285)31-3800,,4000020092088,小山市,月火水木金土日,,,店舗の営業時間に従う,有,,
092088,0111000038,栃木県,小山市,ファミリーマート小山稲葉郷店,ファミリーマートオヤマイナバゴウテン,栃木県小山市大字稲葉郷63-6,,36.328329,139.822656,カウウンター裏バックヤード,(0285)20-3009,,4000020092088,小山市,月火水木金土日,,,店舗の営業時間に従う,有,,
092088,0111000039,栃木県,小山市,ファミリーマートあじと店,ファミリーマートアジトテン,栃木県小山市大字網戸1098-5,,36.277302,139.746224,カウウンター裏バックヤード,(0285)41-7050,,4000020092088,小山市,月火水木金土日,,,店舗の営業時間に従う,有,,
092088,0111000040,栃木県,小山市,ファミリーマート黒本店,ファミリーマートクロモトテン,栃木県小山市大字黒本127-1,,36.357224,139.795517,カウウンター裏バックヤード,(0285)32-1561,,4000020092088,小山市,月火水木金土日,,,店舗の営業時間に従う,有,,
092088,0111000041,栃木県,小山市,セブンイレブン小山中里店,セブンイレブンオヤマナカザトテン,栃木県小山市大字中里988-2,,36.290061,139.735287,カウウンター裏バックヤード,(0285)38-1265,,4000020092088,小山市,月火水木金土日,,,店舗の営業時間に従う,有,,
092088,0111000042,栃木県,小山市,セブンイレブン小山駅西口店,セブンイレブンオヤマエキニシグチ,栃木県小山市城山町3-3-32,,36.3135,139.806316,カウウンター裏バックヤード,(0285)22-0581,,4000020092088,小山市,月火水木金土日,,,店舗の営業時間に従う,有,,
092088,0111000043,栃木県,小山市,セブンイレブン小山城東店,セブンイレブンオヤマジョウトウテン,栃木県小山市城東2-５-20,,36.315478,139.81307,カウウンター裏バックヤード,(0285)23-4447,,4000020092088,小山市,月火水木金土日,,,店舗の営業時間に従う,有,,
092088,0111000044,栃木県,小山市,セブンイレブン小山生駒店,セブンイレブンオヤマイコマテン,栃木県小山市大字生駒51,,36.318536,139.755336,カウウンター裏バックヤード,(0285)38-2770,,4000020092088,小山市,月火水木金土日,,,店舗の営業時間に従う,有,,
092088,0111000045,栃木県,小山市,セブンイレブン小山田間店,セブンイレブンオヤマタマテン,栃木県小山市田間847-3,,36.265733,139.825174,カウウンター裏バックヤード,(0285)28-1172,,4000020092088,小山市,月火水木金土日,,,店舗の営業時間に従う,有,,
092088,0111000046,栃木県,小山市,セブンイレブン白鷗大学本キャンパス店,セブンイレブンハクオウダイガクホンキヤンパステン,栃木県小山市駅東通り2-2-2,,36.312144,139.807011,カウウンター裏バックヤード,(0285)22-8568,,4000020092088,小山市,月火水木金土日,,,店舗の営業時間に従う,有,,
092088,0111000047,栃木県,小山市,セブンイレブン小山神山店,セブンイレブンオヤマカミヤマテン,栃木県小山市神山2-915-1,,36.302992,139.802448,カウウンター裏バックヤード,(0285)28-5053,,4000020092088,小山市,月火水木金土日,,,店舗の営業時間に従う,有,,
092088,0111000048,栃木県,小山市,セブンイレブン小山平和店,セブンイレブンオヤマヒラワテン,栃木県小山市平和94-1,,36.256054,139.764044,カウウンター裏バックヤード,(0285)45-9030,,4000020092088,小山市,月火水木金土日,,,店舗の営業時間に従う,有,,
092088,0111000049,栃木県,小山市,セブンイレブン小山土塔店,セブンイレブンオヤマドトウテン,栃木県小山市土塔234-1,,36.301774,139.821791,カウウンター裏バックヤード,(0285)27-7548,,4000020092088,小山市,月火水木金土日,,,店舗の営業時間に従う,有,,
092088,0111000050,栃木県,小山市,ファミリーマート小山八幡町店,ファミリーマートオヤマヤハタチョウテン,栃木県小山市八幡町1-17-5,,36.308334,139.796171,カウウンター裏バックヤード,(0285)20-5808,,4000020092088,小山市,月火水木金土日,,,店舗の営業時間に従う,有,,
092088,0111000051,栃木県,小山市,ファミリーマート小山神鳥谷店,ファミリーマートオヤマヒトトノヤテン,栃木県小山市神鳥谷2-33-23,,36.298289,139.793348,カウウンター裏バックヤード,(0285)20-0018,,4000020092088,小山市,月火水木金土日,,,店舗の営業時間に従う,有,,
092088,0111000052,栃木県,小山市,ファミリーマート小山田間店,ファミリーマートオヤマタマテン,栃木県小山市田間691-4,,36.267765,139.826688,カウウンター裏バックヤード,(0285)31-5050,,4000020092088,小山市,月火水木金土日,,,店舗の営業時間に従う,有,,
092088,0111000053,栃木県,小山市,ミニストップ小山本郷店,ミニストップオヤマホンゴウテン,栃木県小山市本郷町2-1-1,,36.317569,139.802774,カウウンター裏バックヤード,(0285)22-9166,,4000020092088,小山市,月火水木金土日,,,店舗の営業時間に従う,有,,
092088,0111000054,栃木県,小山市,ミニストップ小山出井店,ミニストップオヤマイデイテン,栃木県小山市出井805-22,,36.333103,139.84352,カウウンター裏バックヤード,(0285)23-3000,,4000020092088,小山市,月火水木金土日,,,店舗の営業時間に従う,有,,
092088,0111000055,栃木県,小山市,ミニストップ小山東城南店,ミニストップオヤマヒガシジョウナンテン,栃木県小山市東城南3-21-4,,36.289947,139.812527,カウウンター裏バックヤード,(0285)28-2407,,4000020092088,小山市,月火水木金土日,,,店舗の営業時間に従う,有,,
092088,0111000056,栃木県,小山市,セブンイレブン小山卒島店,セブンイレブンオヤマソシマテン,栃木県小山市卒島1276-3,,36.352133,139.761562,カウウンター裏バックヤード,(0285)37-2081,,4000020092088,小山市,月火水木金土日,,,店舗の営業時間に従う,有,,
092088,0111000057,栃木県,小山市,セブンイレブン小山下河原田店,セブンイレブンオヤマシモカワラダテン,栃木県小山市下河原田989-3,,36.31311,139.740974,カウウンター裏バックヤード,(0285)38-0080,,4000020092088,小山市,月火水木金土日,4:00,23:00,店舗の営業時間に従う,有,,
092088,0111000058,栃木県,小山市,セブンイレブン小山羽川北店,セブンイレブンオヤマハネカワキタテン,栃木県小山市羽川517-13,,36.369495,139.837199,カウウンター裏バックヤード,(0285)25-7755,,4000020092088,小山市,月火水木金土日,,,店舗の営業時間に従う,有,,
092088,0111000059,栃木県,小山市,セブンイレブン小山中島橋西店,セブンイレブンオヤマナカジマバシニシテン,栃木県小山市福良字請地前602-1,,36.318793,139.896901,カウウンター裏バックヤード,(0296)32-4758,,4000020092088,小山市,月火水木金土日,,,店舗の営業時間に従う,有,,
092088,0111000060,栃木県,小山市,セブンイレブン小山花垣店,セブンイレブンオヤマハナガキテン,栃木県小山市花垣町1-4-22,,36.322593,139.806683,カウウンター裏バックヤード,(0285)24-1711,,4000020092088,小山市,月火水木金土日,,,店舗の営業時間に従う,有,,
092088,0111000061,栃木県,小山市,セブンイレブン小山駅南5丁目店,セブンイレブンオヤマエキミナミゴチョウメテン,栃木県小山市駅南町5-16-25,,36.302617,139.814218,カウウンター裏バックヤード,(0285)28-7525,,4000020092088,小山市,月火水木金土日,,,店舗の営業時間に従う,有,,
092088,0111000062,栃木県,小山市,ファミリーマート小山中久喜店,ファミリーマートオヤマナカクキテン,栃木県小山市中久喜1113-4,,36.318428,139.846842,カウウンター裏バックヤード,(0285)30-2232,,4000020092088,小山市,月火水木金土日,,,店舗の営業時間に従う,有,,
092088,0111000063,栃木県,小山市,ファミリーマート小山美しが丘店,ファミリーマートオヤマウツクシガオカテン,栃木県小山市美しが丘3-35-1,,36.25881,139.775848,カウウンター裏バックヤード,(0285)41-0313,,4000020092088,小山市,月火水木金土日,,,店舗の営業時間に従う,有,,
092088,0111000064,栃木県,小山市,ファミリーマート小山南乙女店,ファミリーマートオヤマミナミオトメテン,栃木県小山市南乙女2-1-2,,36.255655,139.753115,カウウンター裏バックヤード,(0285)41-1606,,4000020092088,小山市,月火水木金土日,,,店舗の営業時間に従う,有,,
092088,0111000065,栃木県,小山市,ミニストップ小山城東2丁目店,ミニストップオヤマジョウトウニチョウメテン,栃木県小山市城東2-35-15,,36.312953,139.818211,カウウンター裏バックヤード,(0285)24-6671,,4000020092088,小山市,月火水木金土日,,,店舗の営業時間に従う,有,,
092208,0111000066,栃木県,小山市,小山市立小山第一小学校,オヤマシリツオヤマダイイチショウガッコウ,栃木県小山市宮本町1-3-1,,36.313578,139.79835,保健室,(0285)22-0074,,4000020092088,小山市,月火水木金,8:15,16:30,学校閉庁日（夏季休業期間、冬季休業期間）は除く,有,,
092208,0111000067,栃木県,小山市,小山市立小山第二小学校,オヤマシリツオヤマダイニショウガッコウ,栃木県小山市宮本町2-9-20,,36.31013,139.799846,職員室前廊下,(0285)22-0079,,4000020092088,小山市,月火水木金,8:15,16:30,学校閉庁日（夏季休業期間、冬季休業期間）は除く,有,,
092208,0111000068,栃木県,小山市,小山市立小山第三小学校,オヤマシリツオヤマダイサンショウガッコウ,栃木県小山市神鳥谷4-7-51,,36.296672,139.788469,保健室,(0285)24-2355,,4000020092088,小山市,月火水木金,8:15,16:30,学校閉庁日（夏季休業期間、冬季休業期間）は除く,有,,
092208,0111000069,栃木県,小山市,小山市立小山城南小学校,オヤマシリツオヤマジョウナンショウガッコウ,栃木県小山市西城南5-29-1,,36.294128,139.797935,保健室,(0285)27-7162,,4000020092088,小山市,月火水木金,8:15,16:30,学校閉庁日（夏季休業期間、冬季休業期間）は除く,有,,
092208,0111000070,栃木県,小山市,小山市立旭小学校,オヤマシリツアサヒショウガッコウ,栃木県小山市駅南町5-6-69,,36.304752,139.81449,職員室,(0285)27-6883,,4000020092088,小山市,月火水木金,8:15,16:30,学校閉庁日（夏季休業期間、冬季休業期間）は除く,有,,
092208,0111000071,栃木県,小山市,小山市立小山城北小学校,オヤマシリツオヤマジョウホクショウガッコウ,栃木県小山市城北5-18-1,,36.324157,139.820149,保健室,(0285)22-3081,,4000020092088,小山市,月火水木金,8:15,16:30,学校閉庁日（夏季休業期間、冬季休業期間）は除く,有,,
092208,0111000072,栃木県,小山市,小山市立若木小学校,オヤマシリツワカギショウガッコウ,栃木県小山市若木町2-6-44,,36.326453,139.805309,職員室,(0285)25-6467,,4000020092088,小山市,月火水木金,8:15,16:30,学校閉庁日（夏季休業期間、冬季休業期間）は除く,有,,
092208,0111000073,栃木県,小山市,小山市立東城南小学校,オヤマシリツヒガシジョウナンショウガッコウ,栃木県小山市東城南3-9-5,,36.292661,139.814705,保健室,(0285)38-6328,,4000020092088,小山市,月火水木金,8:15,16:30,学校閉庁日（夏季休業期間、冬季休業期間）は除く,有,,
092208,0111000074,栃木県,小山市,小山市立小山城東小学校,オヤマシリツオヤマジョウトウショウガッコウ,栃木県小山市城東1-16-1,,36.307502,139.81639,職員室,(0285)25-2882,,4000020092088,小山市,月火水木金,8:15,16:30,学校閉庁日（夏季休業期間、冬季休業期間）は除く,有,,
092208,0111000075,栃木県,小山市,小山市立大谷東小学校,オヤマシリツオオヤヒガシショウガッコウ,栃木県小山市大字横倉新田271,,36.279138,139.822451,職員室,(0285)27-0694,,4000020092088,小山市,月火水木金,8:15,16:30,学校閉庁日（夏季休業期間、冬季休業期間）は除く,有,,
092208,0111000076,栃木県,小山市,小山市立大谷東小学校,オヤマシリツオオヤヒガシショウガッコウ,栃木県小山市大字横倉新田271,,36.279114,139.822473,第二職員室,(0285)27-0694,,4000020092088,小山市,月火水木金,8:15,16:30,学校閉庁日（夏季休業期間、冬季休業期間）は除く,有,,
092208,0111000077,栃木県,小山市,小山市立大谷南小学校,オヤマシリツオオヤミナミショウガッコウ,栃木県小山市大字東野田2147,,36.253094,139.805341,保健室,(0285)28-0009,,4000020092088,小山市,月火水木金,8:15,16:30,学校閉庁日（夏季休業期間、冬季休業期間）は除く,有,,
092208,0111000078,栃木県,小山市,小山市立大谷北小学校,オヤマシリツオオヤキタショウガッコウ,栃木県小山市犬塚5-6-10,,36.306718,139.833121,職員室,(0285)22-0268,,4000020092088,小山市,月火水木金,8:15,16:30,学校閉庁日（夏季休業期間、冬季休業期間）は除く,有,,
092208,0111000079,栃木県,小山市,小山市立間々田小学校,オヤマシリツママダショウガッコウ,栃木県小山市大字間々田1512,,36.269135,139.763915,保健室,(0285)45-0022,,4000020092088,小山市,月火水木金,8:15,16:30,学校閉庁日（夏季休業期間、冬季休業期間）は除く,有,,
092208,0111000080,栃木県,小山市,小山市立乙女小学校,オヤマシリツオトメショウガッコウ,栃木県小山市大字乙女1954,,36.262598,139.749443,保健室,(0285)45-4114,,4000020092088,小山市,月火水木金,8:15,16:30,学校閉庁日（夏季休業期間、冬季休業期間）は除く,有,,
092208,0111000081,栃木県,小山市,小山市立間々田東小学校,オヤマシリツママダヒガシショウガッコウ,栃木県小山市大字間々田57-2,,36.257186,139.777042,職員室,(0285)45-1720,,4000020092088,小山市,月火水木金,8:15,16:30,学校閉庁日（夏季休業期間、冬季休業期間）は除く,有,,
092208,0111000082,栃木県,小山市,小山市立下生井小学校,オヤマシリツシモナマイショウガッコウ,栃木県小山市大字下生井1546,,36.247279,139.709154,職員室,0280-55-0372,,4000020092088,小山市,月火水木金,8:15,16:30,学校閉庁日（夏季休業期間、冬季休業期間）は除く,有,,
092208,0111000083,栃木県,小山市,小山市立網戸小学校,オヤマシリツアジトショウガッコウ,栃木県小山市大字網戸1514,,36.270705,139.743275,職員室,(0285)45-1732,,4000020092088,小山市,月火水木金,8:15,16:30,学校閉庁日（夏季休業期間、冬季休業期間）は除く,有,,
092208,0111000084,栃木県,小山市,小山市立寒川小学校,オヤマシリツサンガワショウガッコウ,栃木県小山市大字中里861,,36.293097,139.735781,職員室,(0285)38-1009,,4000020092088,小山市,月火水木金,8:15,16:30,学校閉庁日（夏季休業期間、冬季休業期間）は除く,有,,
092208,0111000085,栃木県,小山市,小山市立豊田小学校,オヤマシリツトヨダショウガッコウ,栃木県小山市大字松沼416-1,,36.348022,139.783641,保健室,(0285)38-9901,,4000020092088,小山市,月火水木金,8:15,16:30,学校閉庁日（夏季休業期間、冬季休業期間）は除く,有,,
092208,0111000086,栃木県,小山市,小山市立穂積小学校,オヤマシリツホヅミショウガッコウ,栃木県小山市大字萩島27,,36.312004,139.771927,職員室,(0285)38-2005,,4000020092088,小山市,月火水木金,8:15,16:30,学校閉庁日（夏季休業期間、冬季休業期間）は除く,有,,
092208,0111000087,栃木県,小山市,小山市立中小学校,オヤマシリツナカショウガッコウ,栃木県小山市大字南小林109,,36.318376,139.738191,職員室,(0285)38-0649,,4000020092088,小山市,月火水木金,8:15,16:30,学校閉庁日（夏季休業期間、冬季休業期間）は除く,有,,
092208,0111000088,栃木県,小山市,小山市立羽川小学校,オヤマシリツハネカワショウガッコウ,栃木県小山市大字羽川125,,36.354155,139.828128,保健室,(0285)22-0186,,4000020092088,小山市,月火水木金,8:15,16:30,学校閉庁日（夏季休業期間、冬季休業期間）は除く,有,,
092208,0111000089,栃木県,小山市,小山市立羽川西小学校,オヤマシリツハネカワニシショウガッコウ,栃木県小山市大字黒本771-2,,36.357215,139.809287,職員室前廊下,(0285)25-3022,,4000020092088,小山市,月火水木金,8:15,16:30,学校閉庁日（夏季休業期間、冬季休業期間）は除く,有,,
092208,0111000090,栃木県,小山市,小山市立萱橋小学校,オヤマシリツカヤバシショウガッコウ,栃木県小山市大字萱橋1169-１,,36.329411,139.867991,保健室,(0285)49-1185,,4000020092088,小山市,月火水木金,8:15,16:30,学校閉庁日（夏季休業期間、冬季休業期間）は除く,有,,
092208,0111000091,栃木県,小山市,小山市立小山中学校,オヤマシリツオヤマチュウガッコウ,栃木県小山市大字渋井779-1,,36.332304,139.80179,職員室,(0285)22-0168,,4000020092088,小山市,月火水木金,8:15,16:30,学校閉庁日（夏季休業期間、冬季休業期間）は除く,有,,
092208,0111000092,栃木県,小山市,小山市立小山第二中学校,オヤマシリツオヤマダイニチュウガッコウ,栃木県小山市天神町1-6-36,,36.305964,139.798499,職員室,(0285)22-0089,,4000020092088,小山市,月火水木金,8:15,16:30,学校閉庁日（夏季休業期間、冬季休業期間）は除く,有,,
092208,0111000093,栃木県,小山市,小山市立小山第三中学校,オヤマシリツオヤマダイサンチュウガッコウ,栃木県小山市犬塚3-29-1,,36.314742,139.832341,保健室,(0285)25-5745,,4000020092088,小山市,月火水木金,8:15,16:30,学校閉庁日（夏季休業期間、冬季休業期間）は除く,有,,
092208,0111000094,栃木県,小山市,小山市立小山城南中学校,オヤマシリツオヤマジョウナンチュウガッコウ,栃木県小山市東城南1-22-9,,36.295311,139.811349,保健室,(0285)27-5800,,4000020092088,小山市,月火水木金,8:15,16:30,学校閉庁日（夏季休業期間、冬季休業期間）は除く,有,,
092208,0111000095,栃木県,小山市,小山市立大谷中学校,オヤマシリツオオヤチュウガッコウ,栃木県小山市大字横倉新田97,,36.275324,139.821791,職員室,(0285)27-0252,,4000020092088,小山市,月火水木金,8:15,16:30,学校閉庁日（夏季休業期間、冬季休業期間）は除く,有,,
092208,0111000096,栃木県,小山市,小山市立間々田中学校,オヤマシリツママダチュウガッコウ,栃木県小山市大字間々田2364,,36.276205,139.766487,職員室,(0285)45-0062,,4000020092088,小山市,月火水木金,8:15,16:30,学校閉庁日（夏季休業期間、冬季休業期間）は除く,有,,
092208,0111000097,栃木県,小山市,小山市立乙女中学校,オヤマシリツオトメチュウガッコウ,栃木県小山市大字乙女1731,,36.262881,139.754673,職員室,(0285)45-3600,,4000020092088,小山市,月火水木金,8:15,16:30,学校閉庁日（夏季休業期間、冬季休業期間）は除く,有,,
092208,0111000098,栃木県,小山市,小山市立豊田中学校,オヤマシリツトヨダチュウガッコウ,栃木県小山市大字松沼397,,36.346614,139.781896,保健室,(0285)37-0004,,4000020092088,小山市,月火水木金,8:15,16:30,学校閉庁日（夏季休業期間、冬季休業期間）は除く,有,,
092208,0111000099,栃木県,小山市,小山市立美田中学校,オヤマシリツミタチュウガッコウ,栃木県小山市大字下国府塚287,,36.31735,139.761211,職員室前廊下,(0285)38-2006,,4000020092088,小山市,月火水木金,8:15,16:30,学校閉庁日（夏季休業期間、冬季休業期間）は除く,有,,
092208,0111000100,栃木県,小山市,小山市立桑中学校,オヤマシリツクワチュウガッコウ,栃木県小山市大字出井1859,,36.34522,139.830442,職員室,(0285)22-0187,,4000020092088,小山市,月火水木金,8:15,16:30,学校閉庁日（夏季休業期間、冬季休業期間）は除く,有,,
092208,0111000101,栃木県,小山市,小山市立絹義務教育学校,オヤマシリツキヌギムキョウイクガッコウ,栃木県小山市大字福良2240-1,,36.330206,139.896114,（東校舎）職員室前廊下,(0285)49-0141,,4000020092088,小山市,月火水木金,8:15,16:30,学校閉庁日（夏季休業期間、冬季休業期間）は除く,有,,
092208,0111000102,栃木県,小山市,小山市立絹義務教育学校,オヤマシリツキヌギムキョウイクガッコウ,栃木県小山市大字福良2240-1,,36.329115,139.89548,（西校舎）保健室前廊下,(0285)49-0141,,4000020092088,小山市,月火水木金,8:15,16:30,学校閉庁日（夏季休業期間、冬季休業期間）は除く,有,,
092208,0111000103,栃木県,小山市,小山市教育支援センター（アルカディア）,オヤマシキョウイクシエンセンター（アルカディア）,栃木県小山市八幡町1-5-15,,36.310975,139.796878,職員室,(0285)24-5531,,4000020092088,小山市,月火水木金,8:15,16:30,学校閉庁日（夏季休業期間、冬季休業期間）は除く,有,,
092208,0111000104,栃木県,小山市,小山市外国人児童生徒適応指導教室（かけはし）,オヤマシガイコクジンジドウセイトテキオウシドウキョウシツ,栃木県小山市城東1-16-1,,36.307239,139.815268,職員室,(0285)25-3721,,4000020092088,小山市,月火水木金,8:15,16:30,学校閉庁日（夏季休業期間、冬季休業期間）は除く,有,,
092088,0111000105,栃木県,小山市,角田歯科医院,ツノダシカイイン,栃木県小山市城山町1-2-10,,36.316917,139.800091,,(0285)24-3138,,,,月火水木金土,8:30,18:00,,,,
092088,0111000106,栃木県,小山市,友井タクシー有限会社（小山コミュニティーバス間々田路線）,トモイタクシーユウゲンガイシャ（オヤマコミュニティーバスママダロセン）,栃木県小山市城山町2-12-25,,36.316071,139.804613,,(0285)22-0840,,,,月火水木金土日,6:25,21:10,土日祝祭日については6:40から20:45まで。,,,
092088,0111000107,栃木県,小山市,友井タクシー有限会社（小山コミュニティーバス市民病院線）,トモイタクシーユウゲンガイシャ（オヤマコミュニティーバスシミンビョウインセン）,栃木県小山市城山町2-12-25,,36.316071,139.804613,,(0285)22-0840,,,,月火水木金土日,7:35,18:50,土日祝祭日については9:35から17:20まで。,,,
092088,0111000108,栃木県,小山市,友井タクシー有限会社（小山コミュニティーバス羽川路線）,トモイタクシーユウゲンガイシャ（オヤマコミュニティーバスハネカワロセン）,栃木県小山市城山町2-12-25,,36.316071,139.804613,,(0285)22-0840,,,,月火水木金土日,6:25,21:09,土日祝祭日については6:44から21:41まで。,,,
092088,0111000109,栃木県,小山市,足利銀行小山支店,アシカガギンコウオヤマシテン,栃木県小山市城山町2-9-23,アトラスタワー小山城山町103,36.31455,139.803856,,(0285)39-7815,,,,月火水木金,9:00,15:00,,,,
092088,0111000110,栃木県,小山市,東日本旅客鉄道㈱小山駅,ヒガシニホンリョカクテツドウカブシキガイシャオヤマエキ,栃木県小山市城山町3-3-22,,36.313069,139.806512,,(0285)22-6548,,,,月火水木金土日,4:30,1:00,,,,
092088,0111000111,栃木県,小山市,田村歯科医院,タムラシカイイン,栃木県小山市若木町1-19-2,,36.327749,139.804995,,(0285)24-4180,,,,月火水木金土,9:00,18:30,12:00から15:00は休憩時間。,,,
092088,0111000112,栃木県,小山市,岩﨑歯科クリニック,イワサキシカクリニック,栃木県小山市花垣町1-5-33,,36.322387,139.805011,,(0285)22-8211,,,,月火水木金土日,9:00,18:00,土日祝祭日は9:00から17:00まで。,,,
092088,0111000113,栃木県,小山市,SWS東日本株式会社小山工場,エスダブリューエスヒガシニホンカブシキガイシャオヤマコウジョウ,栃木県小山市花垣町2-7-16,,36.322711,139.810211,,(0285)22-0775,,,,月火水木金,8:00,17:00,,,,
092088,0111000114,栃木県,小山市,長井歯科医院,ナガイシカイイン,栃木県小山市花垣町2-9-31,,36.322303,139.807316,,(0285)22-1059,,,,月火水木金土日,9:00,19:00,土日祝祭日は9:00から17:00まで。,,,
092088,0111000115,栃木県,小山市,ネッツトヨタ栃木株式会社VWサザン小山,ネッツトヨタトチギカブシキガイシャフォルクスワーゲンサザンオヤマ,栃木県小山市大字神鳥谷290-1,,36.302959,139.790591,,(0285)35-5001,,,,火水木金土日,9:30,18:00,月曜日が祝日の場合、翌日火曜日定休。,,,
092088,0111000116,栃木県,小山市,トヨタカローラ栃木株式会社小山神鳥谷店,トヨタカローラトチギカブシキガイシャオヤマヒトトノヤテン,栃木県小山市大字神鳥谷309,,36.2975,139.786483,,(0285)35-5001,,,,火水木金土日,9:30,19:00,月曜日が祝日の場合、翌日火曜日定休。,,,
092088,0111000117,栃木県,小山市,ネッツトヨタ栃木株式会社小山店,ネッツトヨタトチギカブシキガイシャオヤマテン,栃木県小山市大字神鳥谷309-1,,36.297374,139.786129,,(0285)23-3511,,,,火水木金土日,9:00,18:00,月曜日が祝日の場合、翌日火曜日定休。,,,
092088,0111000118,栃木県,小山市,関東自動車株式会社県南営業所（小山コミュニティーバス小山駅東口循環線1447号車）,カントウジドウシャカブシキガイシャケンナンエイギョウショ（オヤマコミュニティーバスオヤマエキヒガシグチジュンカンセン1447ゴウシャ）,栃木県小山市神鳥谷2-3-17,,36.301962,139.797029,,(0285)22-1518,,,,月火水木金土日,12:00,21:00,,,,
092088,0111000119,栃木県,小山市,関東自動車株式会社県南営業所（小山コミュニティーバス小山駅東口循環線54号車）,カントウジドウシャカブシキガイシャケンナンエイギョウショ（オヤマコミュニティーバスオヤマエキヒガシグチジュンカンセン54ゴウシャ）,栃木県小山市神鳥谷2-3-17,,36.301962,139.797029,,(0285)22-1518,,,,月火水木金土日,6:00,15:00,,,,
092088,0111000120,栃木県,小山市,関東自動車株式会社県南営業所（小山コミュニティーバス新小山市民病院循環線）,カントウジドウシャカブシキガイシャケンナンエイギョウショ（オヤマコミュニティーバスシンオヤマシミンビョウインジュンカンセン）,栃木県小山市神鳥谷2-3-17,,36.301962,139.797029,,(0285)22-1518,,,,月火水木金土日,7:00,17:00,,,,
092088,0111000121,栃木県,小山市,ネッツトヨタ栃木株式会社レクサス小山,ネッツトヨタトチギカブシキガイシャレクサスオヤマ,栃木県小山市神鳥谷4-13-35,,36.296234,139.786545,,(0285)23-7555,,,,火水木金土日,9:00,18:00,,,,
092088,0111000122,栃木県,小山市,ライブガーデン小山粟宮スタンダード,ライブガーデンオヤマアワノミヤスタンダード,栃木県小山市大字粟宮915-1,,36.289663,139.78607,,(0285)25-8102,,,,月火水木金土日,9:00,23:00,,,,
092088,0111000123,栃木県,小山市,栃木トヨタ自動車株式会社粟宮店,トチギトヨタジドウシャカブシキガイシャアワノミヤテン,栃木県小山市粟宮1-14-23,,36.291249,139.786715,,(0285)25-2515,,,,火水木金土日,9:00,19:00,,,,
092088,0111000124,栃木県,小山市,平山歯科医院,ヒラヤマシカイイン,栃木県小山市西城南2-9-23,,36.298473,139.804297,,(0285)31-6118,,,,月火水木金土,8:30,19:00,土曜日は8:30から18:00まで。,,,
092088,0111000125,栃木県,小山市,医療法人城南やぎ歯科医院,イリョウホウジンジョウナンヤギシカイイン,栃木県小山市東城南1-6-7,,36.297453,139.812674,,(0285)27-8049,,,,月火水木金土,9:00,18:30,,,,
092088,0111000126,栃木県,小山市,斎藤歯科クリニック,サイトウシカクリニック,栃木県小山市駅南町1-12-6,,36.305018,139.808098,,(0285)27-1234,,,,月火水木金土日,9:00,19:00,土日祝祭日は9:00から18:30まで。,,,
092088,0111000127,栃木県,小山市,覚本歯科医院,カクモトシカイイン,栃木県小山市駅南町3-26-18,,36.303283,139.809547,,(0285)27-8148,,,,月火水木金,9:00,19:00,,,,
092088,0111000128,栃木県,小山市,井上歯科医院,イノウエシカイイン,栃木県小山市駅南町5-13-7,,36.303064,139.816961,,(0285)27-1141,,,,月火水木金土日,9:00,19:00,12:00から14:00は提供不可。,,,
092088,0111000129,栃木県,小山市,石川歯科医院,イシカワシカイイン,栃木県小山市駅東通り1-29-12,,36.307808,139.810962,,(0285)22-4182,,,,月火水金土,9:00,18:00,12:00から14:00は提供不可。,,,
092088,0111000130,栃木県,小山市,イーグルスポーツプラザ小山,イーグルスポーツプラザオヤマ,栃木県小山市駅東通り2-4-1,,36.314333,139.808688,,(0285)23-8011,,,,月火水木金土日,9:30,23:00,土曜日は9:30から21:00まで。日祝祭日は9:30から20:00まで。,,,
092088,0111000131,栃木県,小山市,医療法人社団悠徳会城北歯科医院,イリョウホウジンシャダンユウトクカイジョウホクシカイイン,栃木県小山市城北2-14-7,,36.326862,139.817879,,(0285)25-8049,,,,月火水木金土日,9:00,19:00,土日祝祭日は9:00から17:30まで。,,,
092088,0111000132,栃木県,小山市,東京鋼鐵株式会社小山工場,トウキョウコウテツカブシキガイシャオヤマコウジョウ,栃木県小山市城北4-38-1,,36.320747,139.823879,,(0285)22-1335,,,,月火水木金土日,8:00,8:00,事業所の公開時間は8:00から17:00。,,,
092088,0111000133,栃木県,小山市,医療法人岳心会岩井歯科クリニック,イリョウホウジンガクシンカイイワイシカクリニック,栃木県小山市大字稲葉郷67-27,,36.329037,139.820587,,(0285)25-8761,,,,月火水金土,9:00,19:00,,,,
092088,0111000134,栃木県,小山市,古河産機システムズ株式会社,フルカワサンキシステムズカブシキガイシャ,栃木県小山市若木町1-23-15,,36.330106,139.805712,,(0285)23-8650,,,,月火水木金土日,5:30,22:30,"正門を閉鎖するため、10:00から10:30,15:00から15:30,18:00から1830,21:00から21:30は提供不可。",,,
092088,0111000135,栃木県,小山市,スーパーライブガーデン小山喜沢店,スーパーライブガーデンオヤマキザワテン,栃木県小山市大字稲葉郷1341-4,,36.329791,139.810723,,0284-24-0005,,,,月火水木金土日,9:00,23:00,,,,
092088,0111000136,栃木県,小山市,株式会社小山中央観光バス（小山コミュニティーバス思川駅・道の駅線）,カブシキガイシャオヤマチュウオウカンコウバス（オヤマコミュニティーバスオモイガワエキ・ミチノエキセン）,栃木県小山市大字雨ヶ谷741-1,,36.282364,139.816728,,(0285)31-1313,,,,月火水木金土日,6:55,19:00,,,,
092088,0111000137,栃木県,小山市,株式会社小山中央観光バス（小山コミュニティーバス間々田東西線）,カブシキガイシャオヤマチュウオウカンコウバス（オヤマコミュニティーバスママダトウザイセン）,栃木県小山市大字雨ヶ谷741-1,,36.282364,139.816728,,(0285)31-1313,,,,月火水木金土日,6:05,19:25,,,,
092088,0111000138,栃木県,小山市,JOYFITヨークタウン雨ヶ谷,ジョイフィットヨークタウンアマガヤ,栃木県小山市大字雨ケ谷町60,,36.284533,139.811912,,(0285)39-6070,,,,月火水木金土日,6:00,0:00,,,,
092088,0111000139,栃木県,小山市,サヤップゴルフフィットネス,サヤップゴルフフィットネス,栃木県小山市大字横倉新田102-1,,36.282125,139.823676,,(0285)37-8460,,,,月火水木金土日,10:30,22:30,土日祝祭日は8:30から18:30。,,,
092088,0111000140,栃木県,小山市,吉浜歯科,ヨシハマシカ,栃木県小山市大字土塔247-27,,36.30176,139.827139,,(0285)28-7555,,,,月火水木金土日,9:00,19:00,,,,
092088,0111000141,栃木県,小山市,城東にこにこ保育所,ジョウトウニコニコホイクジョ,栃木県小山市城東1-9-23,,36.310902,139.814295,,(0285)37-8505,,,,月火水木金,7:00,19:00,,,,
092088,0111000142,栃木県,小山市,城東内海歯科医院,ジョウトウウツミシカイイン,栃木県小山市城東6-1-45,,36.309372,139.817988,,(0285)25-5000,,,,月火水木金土,9:00,19:00,,,,
092088,0111000143,栃木県,小山市,トヨタカローラ栃木株式会社小山犬塚店,トヨタカローラトチギカブシキガイシャオヤマイヌヅカテン,栃木県小山市大字犬塚32-14,,36.326117,139.827356,,(0285)23-1877,,,,月火水木金土日,9:30,19:00,,,,
092088,0111000144,栃木県,小山市,医療法人社団星野会星野歯科医院,イリョウホウジンシャダンホシノカイホシノシカイイン,栃木県小山市大字犬塚60-1,,36.32348,139.832402,,(0285)25-3533,,,,月火水木金土,9:00,19:00,土曜日は9:00から18:00。,,,
092088,0111000145,栃木県,小山市,入江歯科医院,イリエシカイイン,栃木県小山市大字犬塚732,,36.310838,139.837212,,(0285)24-5582,,,,月火木金土,9:00,19:00,土曜日は9:00から12:00。,,,
092088,0111000146,栃木県,小山市,大山タクシー有限会社（小山コミュニティーバス城東中久喜路線）,オオヤマタクシーユウゲンガイシャ（オヤマコミュニティーバスジョウトウナカクキロセン）,栃木県小山市犬塚2-8-5,,36.310476,139.833578,,(0285)22-0947,,,,月火水木金土日,5:55,21:00,土日祝祭日は6:20から20:30。,,,
092088,0111000147,栃木県,小山市,大山タクシー有限会社（小山コミュニティーバス土塔平成通り線・デマンド大谷）,オオヤマタクシーユウゲンガイシャ（オヤマコミュニティーバスドトウヘイセイドオリセン・デマンドオオヤ）,栃木県小山市犬塚2-8-5,,36.310476,139.833578,,(0285)22-0947,,,,月火水木金土日,6:40,19:51,土日祝祭日は7:10から19:51。,,,
092088,0111000148,栃木県,小山市,大山タクシー有限会社（小山コミュニティーバス高岳路線）,オオヤマタクシーユウゲンガイシャ（オヤマコミュニティーバスタカオカロセン）,栃木県小山市犬塚2-8-5,,36.310476,139.833578,,(0285)22-0947,,,,月火水木金土日,6:30,21:00,土日祝祭日は7:00から20:50。,,,
092088,0111000149,栃木県,小山市,大山タクシー有限会社（小山コミュニティーバス大谷中央路線）,オオヤマタクシーユウゲンガイシャ（オヤマコミュニティーバスオオヤチュウオウロセン）,栃木県小山市犬塚2-8-5,,36.310476,139.833578,,(0285)22-0947,,,,月火水木金土日,6:30,21:00,土日祝祭日は6:40から21:00。,,,
092088,0111000150,栃木県,小山市,ＦＩＴ３６５小山犬塚,フィットサンロクゴオヤマイヌヅカ,栃木県小山市犬塚4-10-10,,36.309819,139.833793,,(0285)37-7255,,,,月火水木金土日,9:00,18:00,,,,
092088,0111000151,栃木県,小山市,渡邉金属運輸株式会社,ワタナベキンゾクウンユカブシキガイシャ,栃木県小山市大字犬塚32,,36.325931,139.825727,,(0285)23-8877,,,,月火水木金,8:00,18:00,,,,
092088,0111000152,栃木県,小山市,学校法人ひまわり学園ひまわり保育所,ガッコウホウジンヒマワリガクエンヒマワリホイクジョ,栃木県小山市大字横倉新田287-2,,36.280467,139.824806,,(0285)28-6355,,,,月火水木金,7:00,18:00,,,,
092088,0111000153,栃木県,小山市,栃木県庁小山庁舎,トチギケンチョウオヤマチョウシャ,栃木県小山市犬塚3-1-1,,36.313838,139.826325,,(0285)22-0302,,,,月火水木金,8:30,17:15,,,,
092088,0111000154,栃木県,小山市,株式会社ツルオカ小山事業所,カブシキガイシャツルオカオヤマジギョウショ,栃木県小山市大字萱橋1085,,36.327374,139.87931,,(0285)49-3330,,,,月火水木金,8:20,17:20,,,,
092088,0111000155,栃木県,小山市,小山市開運スポーツ合宿所,オヤマシカイウンスポーツガッシュクジョ,栃木県小山市大字向野187,,36.315147,139.854436,,(0285)49-3522,,,,月火水木金土日,8:30,21:00,,,,
092088,0111000156,栃木県,小山市,有限会社小山環境美化センター,ユウゲンガイシャオヤマカンキョウビカセンター,栃木県小山市大字高椅1242,,36.342029,139.892494,,(0285)49-0149,,,,月火水木金,7:00,17:30,,,,
092088,0111000157,栃木県,小山市,メルテック株式会社,メルテックカブシキガイシャ,栃木県小山市大字梁2333-29,,36.330475,139.882176,,(0285)49-1080,,,,月火水木金,8:00,17:00,,,,
092088,0111000158,栃木県,小山市,栃木信用金庫思川支店,トチギシンヨウキンコオモイガワシテン,栃木県小山市大字大行寺974-10,,36.315316,139.789607,,(0285)25-1111,,,,月火水木金,8:00,15:00,,,,
092088,0111000159,栃木県,小山市,大森歯科医院,オオモリシカイイン,栃木県小山市大字大行寺1066-1,,36.318126,139.793258,,(0285)24-5455,,,,月火水木金土,15:00,19:00,土曜日は14:30から18:00まで。,,,
092088,0111000160,栃木県,小山市,白鴎大学,ハクオウダイガク,栃木県小山市大字大行寺1117,,36.31569,139.793559,,(0285)22-1111,,,,月火水木金土日,8:00,21:00,,,,
092088,0111000161,栃木県,小山市,文化シャッター株式会社 ライフイン環境防災研究所,ブンカシャッターカブシキガイシャライフインカンキョウボウサイケンキュウジョ,栃木県小山市大字上石塚644-1,,36.328862,139.775271,,(0285)33-3151,,,,月火水木金,9:00,17:00,,,,
092088,0111000162,栃木県,小山市,クロス歯科医院,クロスシカイイン,栃木県小山市大字南小林651-1,,36.324841,139.739669,,(0285)38-0733,,,,月火水木金土日,9:00,18:00,土日祝祭日は9:30から16:00まで。,,,
092088,0111000163,栃木県,小山市,栃木県立小山西高等学校,トチギケンリツオヤマニシコウトウガッコウ,栃木県小山市大字松沼741,,36.352257,139.768644,,(0285)37-1188,,,,月火水木金,8:15,16:45,,,,
092088,0111000164,栃木県,小山市,ネッツトヨタ栃木株式会社トヨタ認定中古車小山店,ネッツトヨタトチギカブシキガイシャトヨタニンテイチュウコシャオヤマテン,栃木県小山市大字喜沢667,,36.34267,139.821006,,(0285)22-8050,,,,月火水木金土日,10:00,19:00,,,,
092088,0111000165,栃木県,小山市,栃木トヨタ自動車株式会社　小山羽川店,トチギトヨタジドウシャカブシキガイシャオヤマハネカワテン,栃木県小山市大字羽川495-1,,36.36608,139.833811,,(0285)25-7788,,,,月火水木金土日,9:00,19:00,,,,
092088,0111000166,栃木県,小山市,ネッツトヨタ栃木株式会社　小山喜沢店,ネッツトヨタジドウシャカブシキガイシャキザワテン,栃木県小山市大字喜沢660-130,,36.344938,139.823132,,(0285)25-7788,,,,月火水木金土日,9:30,18:00,,,,
092088,0111000167,栃木県,小山市,協栄流通株式会社小山物流センター,キョウエイリュウツウカブシキガイシャオヤマブツリュウセンター,栃木県小山市大字出井1523-19,,36.346875,139.847664,,(0285)22-8100,,,,日月火水木,9:00,17:00,,,,
092088,0111000168,栃木県,小山市,栃木県立小山北桜高等学校,トチギケンリツオヤマホクオウコウトウガッコウ,栃木県小山市大字東山田448-29,,36.355999,139.865173,,(0285)49-2932,,,,月火水木金,8:15,16:45,,,,
092088,0111000169,栃木県,小山市,永井歯科医院,ナガイシカイイン,栃木県小山市大字南半田2041-5,,36.367136,139.830145,,(0285)25-4182,,,,月火水木金土,9:00,19:00,,,,
092088,0111000170,栃木県,小山市,日本たばこ産業株式会社葉たばこ研究所,ニホンタバコサンギョウカブシキガイシャハタバコケンキュウジョ,栃木県小山市大字出井1900,,36.339695,139.830142,,(0285)23-3142,,,,月火水木金,9:00,17:00,,,,
092088,0111000171,栃木県,小山市,森永製菓株式会社小山工場,モリナガセイカカブシガイシャオヤマコウジョウ,栃木県小山市大字出井1523-1,,36.348201,139.847256,,(0285)22-1475,,,,月火水木金土日,5:00,1:00,,,,
092088,0111000172,栃木県,小山市,栃木県立小山南高等学校,トチギケンリツオヤマミナミコウトウガッコウ,栃木県小山市大字間々田23-1,,36.258574,139.779793,,(0285)45-2424,,,,月火水木金,8:00,17:30,,,,
092088,0111000173,栃木県,小山市,かきのき歯科クリニック,カキノキシカクリニック,栃木県小山市大字南飯田494-3,,36.254893,139.766673,,(0285)38-6716,,,,月火水金土,9:30,17:00,土曜日は9:30から17:00まで。,,,
092088,0111000174,栃木県,小山市,有限会社菜匠,ユウゲンガイシャサイショウ,栃木県小山市大字楢木275-12,,36.260148,139.736437,,(0285)41-0751,,,,月火水木金土,9:00,18:00,,,,
092088,0111000175,栃木県,小山市,東日本旅客鉄道㈱間々田駅,ヒガシニホンリョカクテツドウカブシキガイシャママダエキ,栃木県小山市乙女3-16,,36.257945,139.760909,,(0285)45-0610,,,,月火水木金土日,5:00,1:00,,,,
092088,0111000176,栃木県,小山市,オリジン電気株式会社間々田工場,オリジンデンキカブシキガイシャママダコウジョウ,栃木県小山市暁3-10-5,,36.256181,139.762619,,(0285)45-1111,,,,月火水木金,8:30,17:00,,,,
